M_BH,M_sph,R_e,sSFR
8.260745,10.764196,0.7956567,-11.77715
8.374635,10.849147,0.77395105,-13.048239
8.184453,10.725935,0.8240456,-11.599752
8.789677,11.084252,0.8169653,-12.572937
8.858907,11.266373,0.9443395,-14.637902
8.72479,10.816822,0.8602272,-11.5589905
8.752086,11.2742405,1.0374757,-13.978986
8.665615,10.937236,0.7111379,-12.753742
8.49248,10.992695,0.8699774,-11.922835
8.736574,10.885315,1.0026852,-12.306871
8.819108,11.1404915,0.9357282,-12.584289
8.693297,11.188058,1.0611428,-14.899378
8.452232,10.811492,0.9371358,-11.710456
8.28324,10.615549,0.6720543,-12.181683
8.546949,10.896209,0.71874857,-13.125439
8.783693,11.078852,0.93901515,-11.656889
8.81211,11.036861,0.9550978,-12.667575
8.455571,10.859358,0.7335666,-13.72437
8.859093,10.988037,1.0094755,-15.072145
8.457851,10.954839,0.87616175,-12.192237
8.605264,11.234389,0.9224449,-12.660336
9.338449,11.742446,1.1930373,-11.851204
8.750671,11.074605,0.64258593,-13.385361
8.888371,11.297448,0.76665765,-12.792094
8.009379,10.974667,0.68042445,-12.625649
8.348027,10.310296,0.91053545,-12.53437
8.300343,10.732818,0.62783074,-12.869623
7.6596937,10.603912,-0.53201795,-12.616219
8.6793585,11.200891,0.9117954,-15.166264
8.273487,10.740593,0.60934687,-13.260586
8.458548,10.7247505,0.5279604,-12.32193
8.638392,11.114352,0.98252505,-12.96551
8.619463,11.006198,0.67036664,-13.197046
8.84529,11.2161455,0.78620124,-13.076214
8.152056,10.361033,0.81761265,-12.684454
8.807383,11.275401,0.7533797,-12.879399
8.270429,10.785085,0.8102269,-11.799573
8.9678,11.2250185,0.63582927,-12.566974
9.1736145,11.305765,0.8959459,-12.894689
8.533521,10.948498,0.7593192,-12.7186985
8.312217,10.807844,0.7796409,-14.680498
8.53313,10.916664,0.55139554,-13.519525
9.263972,11.153154,0.9952936,-12.53646
8.090059,10.878653,0.5184525,-14.524836
7.8965955,10.049175,0.91202503,-11.745721
8.389936,10.652263,0.7833268,-12.106186
8.415902,11.026158,0.7559713,-12.381394
8.246968,10.79985,0.8114097,-11.598672
8.49609,10.947152,0.6919286,-18.029064
8.249103,10.648287,0.46018475,-12.861016
8.455338,10.735677,0.7583195,-12.805802
9.238337,11.26548,0.86404514,-12.992566
9.150133,11.402085,0.99356425,-12.899855
8.673573,11.058604,0.85524976,-13.811238
8.977864,11.326524,0.89843035,-12.490337
8.198569,10.992254,0.55659163,-12.550154
7.3118777,10.041427,0.7578041,-11.151633
8.45178,10.990424,0.5285291,-13.816915
8.730928,10.99374,0.88390946,-13.503813
8.807595,11.267149,0.9284015,-14.290781
9.282923,11.604472,1.1620036,-12.758459
8.357831,10.721675,0.84451115,-12.070378
8.347943,10.710613,0.7488542,-11.981192
8.722205,10.931659,0.8476614,-11.594292
8.594642,11.039645,0.7682878,-13.326908
8.358987,10.759618,0.68210316,-11.838282
8.815446,11.134357,0.88775015,-12.206875
8.652389,10.851302,0.7143043,-12.484367
8.580613,11.077334,0.7579777,-11.838461
8.607391,10.622365,0.94879407,-11.494617
8.389445,10.513014,0.6877974,-13.334633
8.421392,10.721342,0.8075036,-11.844645
8.92199,11.38712,0.87867165,-13.788904
8.953667,11.202455,0.87424314,-12.5645895
8.119943,10.608976,0.8645553,-16.58272
8.62333,10.847941,0.9350789,-11.115852
8.456684,10.842018,0.825832,-11.847887
8.299284,10.924989,0.82765496,-12.5333605
8.408608,10.80592,0.8627496,-11.81677
8.229807,11.036606,0.51163644,-14.749962
8.477968,11.217465,0.8206488,-13.149869
8.48259,10.740723,0.8991145,-13.011001
8.410745,10.477781,0.89256144,-13.63837
9.165488,11.403304,1.026974,-12.712297
8.477794,11.046602,0.9162787,-15.384424
8.233037,10.853089,0.8045787,-13.220048
8.535291,10.949365,0.83152795,-13.475982
8.272197,10.938836,0.6980591,-15.684359
8.348181,10.886868,0.84057677,-14.050825
8.66872,11.027519,0.93602335,-14.971605
8.583057,10.896715,0.9972364,-11.660767
9.204788,11.406687,0.8531054,-12.668703
8.597322,10.875184,0.752023,-14.75592
8.817417,11.238238,0.85760427,-13.433586
8.546755,11.120902,0.7890731,-12.4176855
8.0547285,10.526831,0.4171477,-12.76197
8.757395,11.116302,0.8627721,-15.683655
8.390723,10.756343,0.8621793,-12.039474
8.600662,11.083544,0.81199116,-13.0287
8.628356,11.143394,0.8481065,-15.488756
7.725768,10.109711,0.71716845,-11.898332
8.385766,11.028395,0.8539564,-15.86525
8.429045,11.000739,0.77581704,-12.542237
8.72176,11.339197,0.8860899,-13.671684
8.290034,10.876297,0.68891835,-14.884263
8.426434,11.026767,0.73824227,-16.384674
8.637867,10.904389,0.66822934,-12.9637575
8.547408,11.110899,0.7361273,-12.51654
8.474463,10.856267,0.89696807,-13.358458
8.926962,11.2293625,0.86534274,-12.25201
8.917599,11.23129,0.86366653,-14.791363
8.616088,10.88059,0.8895341,-12.449979
8.183531,10.683927,0.7507362,-11.695062
8.689679,11.229121,0.9010917,-11.04499
9.090933,11.427051,1.0990002,-13.4623375
8.594795,10.8755455,0.563943,-13.339123
8.407069,10.938619,0.79921275,-12.801855
8.503979,10.834957,0.91249686,-11.528739
8.408429,10.980815,0.641028,-13.017797
8.612855,11.009315,0.87840956,-16.276392
8.83282,11.03279,0.8109526,-11.721719
8.788016,11.148019,0.89971304,-14.305029
8.211507,10.733555,0.7493001,-11.778361
8.410898,10.919076,0.68289083,-15.186714
8.293331,10.860761,0.7763188,-12.18345
8.280531,10.818438,0.6831348,-12.636971
8.617896,10.936387,0.7822372,-12.631117
8.74281,11.109991,0.8781486,-15.201963
8.543915,11.046301,0.68590176,-12.954498
8.508218,11.126676,0.82466465,-12.780976
8.313293,10.511063,0.6636928,-14.943581
8.250638,10.400278,0.76594424,-12.439726
8.440853,10.698206,0.4562148,-13.496349
8.535903,10.903042,0.7455664,-13.58786
8.90481,11.155762,0.8740595,-12.81877
8.3366585,10.66472,0.68392295,-13.906015
8.376352,11.18094,0.7951416,-13.663324
9.066782,11.460783,1.0689037,-13.165844
8.813703,11.037197,0.7784336,-11.817917
8.70497,11.283541,0.8676053,-13.070435
8.320971,10.803265,0.8449631,-14.506794
8.167008,10.370137,0.8035113,-11.425819
8.9814205,11.220817,0.90902597,-14.144995
8.562673,11.090756,0.861349,-14.595632
8.386817,10.946773,0.8789905,-12.032159
8.533725,11.006081,0.69458884,-11.761249
8.555587,11.103597,0.72849363,-13.774586
8.436361,10.901417,0.7593601,-12.902143
8.662149,11.060744,0.83738583,-12.689409
8.799008,11.011742,1.0315686,-13.026051
8.119612,10.786469,0.69323814,-12.508306
8.499975,11.021778,0.77679175,-12.191131
8.641758,11.290043,0.71527684,-14.2021475
8.408555,10.938797,0.8319729,-15.792782
8.77574,11.048655,0.9916196,-11.724765
8.2023735,10.350906,0.8347456,-11.642552
8.655139,11.025949,0.6975301,-14.629281
8.438398,11.221141,0.70899856,-15.244011
9.331109,11.629405,1.0598656,-12.986944
7.015292,10.39955,-0.9893382,-15.221348
8.312741,10.920616,0.8354572,-16.361408
8.447522,11.057146,0.82777315,-14.190304
8.670303,11.23838,0.63889986,-13.491668
8.626687,11.265238,0.64257556,-12.148534
8.461031,11.186726,0.46463862,-14.783328
8.468371,11.068335,0.6212519,-13.065139
8.190719,10.4094095,0.8869312,-11.845917
8.27647,10.840509,0.6762756,-13.815691
9.362514,11.516064,1.1097572,-14.903713
9.533132,11.636947,1.086282,-13.256542
8.396577,10.596629,0.8468248,-11.987869
8.477733,11.014218,0.8875312,-13.239921
8.541624,10.9872675,0.93050295,-12.619946
8.64168,10.518105,0.8918665,-14.648375
8.23987,10.822072,0.6501532,-13.143092
6.6382346,10.1258,-0.005701474,-14.471376
8.641692,11.02255,0.9995463,-12.008148
8.372726,11.127552,0.77024984,-12.46162
8.675025,11.068983,0.5834454,-13.145486
8.82484,11.291674,0.7703981,-13.862106
9.110819,11.331047,0.88632584,-12.749625
8.547485,10.773815,0.6249314,-13.008825
8.534468,11.037248,0.82622874,-12.308663
8.4427595,10.6893835,0.70386267,-12.74607
8.508519,10.903384,0.96104586,-13.11731
8.651705,11.218765,0.76641405,-16.050804
8.548586,10.902984,0.71221226,-13.056872
8.1882925,10.826507,0.78946114,-13.009759
8.573617,11.178078,0.8447634,-13.116251
8.18468,10.71371,0.497964,-12.767638
7.747826,10.206087,0.5791669,-11.380264
9.042463,11.361213,0.9113982,-12.808669
8.033059,10.1165695,0.8953547,-15.029496
8.619883,11.082279,0.5965427,-12.334177
8.470796,10.623521,0.72018087,-12.6702
8.54885,10.939657,0.9419939,-12.682328
8.577711,10.856141,0.6819669,-12.845785
8.410982,10.860387,0.81816417,-13.185406
9.218063,11.4618,1.1388965,-13.562745
8.206023,10.322806,0.71964717,-12.370933
8.953867,11.065392,0.9382014,-12.707146
8.340774,10.792385,0.68997025,-12.055734
8.717726,11.050392,0.79439706,-13.252784
8.490065,10.927281,0.8745701,-12.320782
8.132312,10.7153015,0.5712719,-16.015215
8.89956,10.944687,0.7860749,-12.782673
8.434903,11.015906,0.77186596,-14.682236
8.424891,11.180087,0.6376051,-15.720444
8.729619,11.027432,1.0196314,-11.708418
8.217725,10.767662,0.73535204,-15.217181
8.640603,11.132091,0.58150053,-11.84997
8.754885,11.355597,0.8856772,-15.837302
8.547127,11.05657,0.7994503,-12.941622
8.430747,10.973975,0.95543444,-15.6644
8.157208,10.710983,0.6617136,-14.413097
8.429054,10.772656,0.9609658,-11.999743
8.3122015,11.033363,0.5835296,-13.174318
8.487901,11.059025,0.9112751,-12.352993
8.727182,11.172579,0.8775579,-13.018364
8.894092,11.329993,0.95126796,-13.552576
8.804054,11.024188,1.1572984,-11.684996
8.236318,10.491841,0.8144519,-12.732194
8.449649,11.155486,0.8379276,-13.209224
8.390581,10.759735,0.7667214,-12.601992
8.821733,11.089691,0.8955169,-12.427841
8.79367,11.365661,0.929246,-14.547385
8.886478,11.226574,0.98842347,-14.70879
8.517244,10.913039,0.85003483,-12.817665
9.669184,11.86248,1.3660219,-12.742591
8.150602,10.703615,0.7698613,-13.802325
8.592512,11.191223,0.8156529,-13.725243
6.6819654,10.529303,-0.11331827,-12.210398
8.695376,11.095109,0.90591115,-13.666052
8.84478,11.107324,0.7677093,-12.375343
9.168356,11.528193,1.0354027,-14.2687645
8.656157,11.06105,0.9355803,-12.2747345
8.948474,11.322748,0.79571646,-13.513826
8.393772,10.90159,0.7639465,-12.488818
8.501031,10.997459,0.7455113,-12.218582
8.584833,10.916567,0.8434431,-12.409216
8.6268425,10.990946,0.6716455,-14.161719
8.652427,11.055937,0.6102094,-12.89451
8.340758,10.69636,0.45446712,-16.46511
8.743512,11.067643,0.6581167,-12.93025
8.602805,10.991533,0.84022474,-11.667429
8.415735,10.693134,0.569371,-13.011118
8.544351,10.884206,0.7709745,-11.856216
8.395426,10.862137,0.567626,-13.934769
8.046222,10.23269,0.82204676,-12.277643
8.434031,11.00451,0.84734607,-12.4504
8.300566,10.889067,0.6787255,-11.653969
8.869168,10.9582815,0.7308873,-12.815748
8.5891485,11.105087,0.8053237,-12.4964075
8.23534,10.865364,0.67145294,-12.4350395
8.319568,10.751351,0.67493254,-14.404875
8.286961,11.068685,0.80810136,-14.195437
8.740399,11.142597,0.8636933,-11.8084
7.9598007,10.670693,0.6915154,-11.7992935
8.460547,11.005262,0.870942,-13.391218
8.773564,11.260182,0.85409063,-16.063307
8.572159,11.086892,0.8085991,-12.105881
8.130071,10.387307,0.93145776,-12.571826
8.434619,11.224424,0.7014215,-14.973265
8.35298,10.770391,0.797186,-12.469733
8.254536,10.927084,0.6483578,-13.12923
8.416402,10.799766,0.5356342,-13.334883
8.522555,10.700331,0.5540329,-13.420875
8.277363,10.568247,0.86927664,-11.3136635
8.236007,10.897499,0.6390758,-13.677604
8.517307,11.101233,0.9284637,-12.742248
8.504692,10.684959,0.7773111,-13.36543
8.605387,11.056284,0.8528065,-11.781142
8.605288,10.833828,0.7190242,-12.484253
9.35015,11.703087,1.0867928,-13.815474
9.070925,11.466012,0.9662227,-13.399391
8.842426,11.244017,0.8215989,-12.914946
9.014398,11.179704,0.9707668,-13.46674
8.320137,10.844713,0.878612,-11.519562
8.089969,10.537168,0.66061515,-11.840986
8.6217,11.150279,0.8793659,-13.041762
8.569443,11.1145315,0.8867477,-12.4748
8.245202,10.7583275,0.751593,-11.835316
9.389081,11.519753,1.0276496,-12.987225
8.884008,11.2460375,0.98176885,-14.770354
8.6699095,11.091402,0.9583248,-13.735349
8.240288,10.711501,0.7036404,-13.719644
8.595983,11.02095,0.7390976,-13.388638
8.273893,10.777222,0.83773065,-13.192674
8.177033,10.898839,0.50898373,-14.327803
8.443642,10.895523,0.8263708,-14.477135
9.338804,11.596977,1.0716472,-13.1182
8.784288,11.1853895,0.9668467,-12.078181
8.19995,10.6674,0.95665145,-13.11028
9.020564,11.427757,0.90189505,-12.3454
8.508856,11.105399,0.92448026,-15.395237
8.449907,10.992601,0.58776647,-14.018266
8.564194,10.934562,0.8335197,-12.955839
8.822042,11.004711,1.0422379,-13.688595
8.745464,11.208515,0.88853425,-14.076601
8.652905,11.171653,0.986541,-14.637335
8.624113,11.287617,0.8314774,-14.295
8.493924,11.126731,0.9218276,-14.706351
8.71411,10.996831,0.8825729,-11.717746
8.439881,10.936908,0.46984905,-12.432648
9.209554,11.432647,0.7515003,-12.497598
8.358241,11.035275,0.77641314,-13.474134
9.035068,11.43977,1.0059733,-12.876035
8.420228,10.792157,0.9343413,-11.632719
8.993437,11.221802,1.1284547,-12.074257
8.480528,10.828201,0.90170455,-14.153557
9.009779,11.290134,0.884505,-13.216979
8.682142,11.350607,0.8244973,-15.195852
8.2692995,10.761224,0.6699193,-12.018134
8.4498415,11.151263,0.82156426,-14.9178295
8.67377,11.104247,0.7137776,-15.061339
8.595396,10.597949,0.8789544,-13.249005
8.552552,11.159975,0.65550864,-12.498432
8.494612,11.1300335,0.78454036,-13.479255
8.731311,11.204413,0.8096844,-13.169674
8.326221,10.815752,0.56312996,-13.049155
8.663682,11.133093,0.80983657,-13.226748
8.389838,10.848903,0.80125177,-12.8544235
9.204802,11.554476,1.0514311,-14.05198
8.725561,11.104094,0.8498075,-15.693171
8.446923,10.916146,0.6508911,-12.9693365
8.838147,11.172191,0.90683174,-11.692299
8.159279,10.872479,0.45839643,-16.179234
9.145921,11.538908,1.014259,-13.749205
8.678615,11.212374,0.56950593,-12.919941
8.287621,10.970604,0.59620416,-14.134266
8.359262,10.880531,0.5691887,-12.190162
8.403621,11.1217985,0.8293041,-13.743396
8.339035,10.78932,0.9539819,-11.779893
8.362987,11.199862,0.82615834,-13.521379
8.570644,11.012282,0.969473,-12.067883
8.607405,11.106228,0.8290535,-13.532575
8.731612,11.095055,1.0809953,-12.696954
8.558063,10.924562,0.8345624,-15.316567
8.794847,11.166274,0.83231914,-12.221504
8.618249,10.991285,0.9511883,-15.0044
8.471602,10.98571,0.8612318,-13.135589
8.55653,11.026893,0.89133644,-12.789431
9.027166,11.50547,0.9984636,-14.400318
8.347387,10.566826,0.63350284,-12.759816
8.858816,11.501961,0.8851295,-12.182878
8.406501,11.020814,0.7878529,-15.01867
8.494342,10.901757,0.86436653,-12.100088
9.272678,11.526403,0.9661063,-12.882259
8.295044,10.888133,0.84177876,-12.043272
8.468128,10.827098,0.77072513,-11.563073
8.625315,11.107307,0.72565496,-14.005971
8.762957,10.950491,0.81174576,-13.19182
8.763898,11.3931265,0.93097425,-15.871845
8.864637,11.22403,0.8628237,-14.369991
8.64356,11.204888,0.68298864,-14.397055
8.651573,11.0908,0.90681714,-12.625349
8.334886,10.8461485,0.7969415,-17.291954
8.586994,11.139799,0.7500018,-13.785011
8.481572,10.827196,0.7775023,-12.6649
8.662613,11.101626,0.5356904,-13.354023
8.451357,10.957646,0.7347446,-11.865068
8.381479,11.037877,0.8605076,-16.008766
8.615772,10.911957,0.767894,-11.607395
8.676532,11.116489,0.8311682,-12.76755
8.663218,11.163086,0.8774576,-13.26199
8.686293,11.195122,0.7950194,-14.059802
8.686325,10.981983,0.89611804,-12.015777
8.15835,10.652505,0.87229145,-11.855703
8.818475,11.083123,0.926573,-14.2595005
8.122136,10.861983,0.61054695,-13.065123
9.140928,11.495793,0.88200414,-12.020672
7.9481196,10.423254,0.79458004,-13.857079
8.918859,11.257086,0.96944374,-14.864155
8.688866,11.114383,0.7940351,-14.140377
7.9653864,10.757336,0.70134383,-11.734016
8.318831,10.883647,0.85658383,-17.321548
8.273057,10.663183,0.8467375,-12.4346285
8.56061,10.949685,0.7977653,-16.156145
8.08106,10.53616,0.7046702,-13.399651
8.163134,10.896983,0.75535613,-12.096572
8.499778,11.179108,0.75413585,-13.449869
7.884972,10.209812,0.7402904,-13.806155
8.483372,11.003391,0.59840167,-12.806068
8.2470875,10.878671,0.6817351,-12.705978
8.307453,10.831171,0.7761522,-11.496136
9.223722,11.560217,0.9989744,-12.467524
8.616591,11.009397,0.63140506,-13.777026
9.278666,11.43904,1.0130944,-12.999311
8.588411,10.845736,1.0180991,-12.880331
8.049158,10.90764,0.63830847,-12.49533
8.535795,11.170328,0.82824314,-14.716212
8.42456,10.753179,0.67585933,-12.963345
8.341083,10.939942,0.6740482,-11.580371
9.082286,11.325732,1.0788689,-11.944048
8.333941,10.93229,0.69380313,-14.777857
9.16099,11.468172,0.81773275,-12.607467
8.515624,10.923188,0.7929613,-12.539888
8.111805,10.476217,0.73600507,-11.732864
8.302853,10.807649,0.8008145,-11.88223
8.734619,11.2851715,0.83791155,-13.361538
8.625216,10.733396,0.7418444,-12.727201
8.571495,10.798483,0.8185483,-15.499304
8.047923,10.560267,0.78109133,-11.602776
8.495396,11.0258465,0.84901893,-14.819192
8.623572,11.197609,0.7866308,-14.518806
8.237419,10.854343,0.53271455,-12.943081
8.694305,11.222738,0.837837,-14.125314
8.32295,11.077339,0.6987071,-14.55156
8.5005865,10.961341,0.5755446,-12.68378
7.869167,10.091051,0.97130275,-11.26732
8.184045,10.900878,0.76543146,-12.514794
8.23077,11.079602,0.74684095,-16.427332
8.937968,11.311145,0.80123067,-15.814985
8.588058,11.091595,0.66960657,-13.123185
8.677288,10.924442,0.58683586,-13.630529
8.823343,10.912932,0.94302976,-14.155488
9.000008,11.3993025,0.7903002,-13.265468
8.219272,10.815372,0.7621543,-15.280714
8.907474,11.223356,0.7583513,-12.371291
8.992463,11.328161,0.8972484,-13.407127
9.129844,11.385945,0.9521895,-14.218572
9.1626,11.525001,1.1479793,-13.627298
8.138251,11.005058,0.7097587,-14.248846
8.629673,11.392251,0.9286289,-13.711072
8.309207,10.596227,0.6677571,-13.195921
8.233972,10.572693,0.8955523,-11.7953825
8.376299,10.733668,0.76487845,-12.552238
8.465556,10.955498,0.7624116,-12.555112
7.9146323,10.3526745,0.6510567,-11.708792
8.195226,10.384555,0.7170737,-12.873707
8.574689,10.920529,0.87281287,-11.946441
8.7372675,11.23072,0.89974034,-14.169568
8.427526,10.569177,0.4854019,-13.236935
7.9115334,10.410281,0.90720683,-11.546934
7.846806,10.415021,0.7503197,-11.272971
8.468533,11.066998,0.6632338,-13.228011
8.548684,10.866934,0.6659891,-12.779427
8.704728,11.15592,0.78606534,-13.5186615
8.58546,10.713726,0.7123971,-13.370745
8.453092,11.029595,0.92135555,-13.238953
6.526323,10.371265,0.047294326,-12.607338
8.944641,11.2607155,0.86941224,-13.8130245
9.451899,11.687953,1.0314577,-12.588382
8.389224,10.973738,0.79196835,-12.493023
8.418962,10.956497,0.54147047,-16.582783
8.706769,11.1519165,0.9092981,-14.24924
8.2358265,10.853506,0.80690545,-13.158974
8.311344,10.691993,0.5638422,-13.406058
8.665136,11.174588,0.763414,-12.880935
8.397729,10.961519,0.8947072,-11.741699
8.272882,10.920093,0.7924144,-13.811378
6.8095055,10.256792,0.27023906,-11.969616
9.011156,10.898826,0.7454078,-13.103804
8.746932,11.3290615,0.9356589,-15.654181
8.437269,10.987865,0.85510695,-11.828981
8.494388,10.872317,0.77376175,-13.991456
8.231623,10.55328,0.69744265,-13.056977
8.194787,10.718047,0.7767645,-11.693635
8.249591,10.926862,0.7148501,-13.900368
8.171364,11.019659,0.5234943,-14.6415615
8.660027,11.246166,0.9368534,-14.883281
8.374906,10.983307,0.8851479,-14.795667
8.657865,11.088185,0.8461437,-15.420746
8.414453,10.961648,0.86460406,-12.194647
8.311946,11.205559,0.6601761,-14.821075
8.785435,11.261114,0.8001352,-15.070625
8.585436,10.789365,0.8529763,-12.475121
7.9003205,10.125539,0.77988505,-11.614821
8.340895,10.779478,1.0910254,-11.755461
8.925661,11.158455,0.94642824,-13.307291
8.315819,10.717102,0.76757556,-13.487812
8.365882,10.885697,0.83880466,-11.615236
8.236974,10.842875,0.6607329,-13.0999
8.676551,11.083154,0.8160077,-16.728315
8.51027,11.151035,0.65491945,-14.396478
8.507626,11.106398,0.8290818,-14.030073
8.630167,10.950398,0.7271718,-12.649972
8.754969,11.199292,0.8022196,-14.79685
8.278434,11.091228,0.64600223,-13.16736
9.015995,11.369521,0.92419094,-14.766614
8.1502285,10.575234,0.6732407,-11.593222
8.555467,11.212055,0.6878732,-12.7859125
8.559905,10.81445,0.89159524,-13.177163
8.806655,11.278155,0.8772614,-12.352193
8.490985,10.788598,0.8097754,-12.284583
8.444443,11.203094,0.6961659,-13.256093
8.771262,11.2237215,0.92731684,-11.912654
8.006054,10.563412,0.7003217,-11.883689
8.923664,11.272906,0.96165615,-12.1786995
8.355307,10.818884,0.6021179,-12.666864
8.3759165,11.092594,0.6712494,-11.845669
8.253625,10.7895975,0.6473326,-12.963552
7.9323134,10.551053,0.5957907,-11.835548
8.276948,10.860964,0.7717629,-12.49254
8.477435,10.940765,0.8275604,-11.866828
8.624468,11.087427,0.90998507,-12.005722
8.5327015,11.080664,0.6902347,-14.491127
9.034262,11.401355,0.9439459,-14.130865
9.047045,11.063143,0.76095897,-12.840483
8.798004,11.128593,0.91803855,-12.611244
8.6155205,10.997247,0.7745083,-12.993483
8.770105,11.053489,0.8351519,-13.48453
9.052363,11.524083,1.0603368,-13.631032
8.302214,10.5328865,0.8346885,-13.542923
9.068054,11.141116,0.9716136,-13.148578
8.452473,11.063388,0.7129791,-13.41222
8.440173,10.997761,0.8291757,-14.244132
8.521571,10.955834,0.7499707,-13.397394
8.558915,11.104847,0.8228536,-13.45855
8.80277,11.213968,0.806914,-14.614499
8.305663,10.836266,0.814674,-13.242483
8.609361,11.098406,0.96159136,-16.477375
8.401002,10.973873,0.92781895,-14.085961
7.7941666,10.061158,0.8138574,-11.86099
7.981548,10.321645,0.669925,-11.7543955
8.5258665,11.134873,0.6856177,-13.443734
8.552254,10.967905,0.8988339,-11.760283
8.460983,10.904701,0.81488484,-13.456083
8.316102,10.513084,0.9511252,-12.231309
8.10506,10.364449,0.8104344,-15.38805
8.568003,11.057146,0.8007089,-13.659981
8.781345,11.430384,0.834723,-14.009323
8.171379,10.778471,0.57199633,-12.860418
8.07957,10.609839,0.8360814,-13.140211
8.323542,11.052255,0.78522193,-13.120452
8.666905,11.166135,0.89256847,-12.423046
9.340438,11.558475,1.0331875,-13.059241
7.3352017,10.621155,0.018969158,-11.725946
8.07583,10.408278,0.7904865,-16.873466
8.524313,10.931681,0.91275704,-11.585213
8.479514,10.8872385,0.44659987,-17.75207
8.072264,10.39324,0.88464606,-13.821415
8.67877,11.127069,0.9128423,-12.928551
8.32663,10.614051,0.66705006,-16.74329
8.833091,11.172976,0.8958017,-12.587886
8.303818,11.009184,0.82879066,-13.981663
9.201492,11.410926,1.0797323,-14.828722
8.629873,11.0601,0.7191714,-13.348099
8.8705015,11.199312,0.8866082,-12.697471
8.539242,11.183114,0.72953665,-14.634343
8.2385025,10.685873,0.53062034,-14.083598
8.185913,10.63829,0.83937883,-12.359614
8.419822,10.789918,0.9069433,-12.487531
8.536123,10.969447,0.7104082,-13.570309
8.501102,10.874358,0.98172003,-11.455036
8.725005,11.10686,0.84190524,-17.603556
8.917206,11.220458,0.82532704,-14.225061
8.85506,11.315951,0.90380055,-13.470613
8.7909565,11.183567,0.8157858,-12.067305
8.547213,10.981166,0.8774935,-12.056881
8.3193865,10.720664,0.74083704,-12.505712
8.273076,10.967196,0.58373123,-15.26034
9.118644,11.389328,1.0552812,-14.432088
8.28641,10.722247,0.69512707,-13.518932
8.953015,11.411353,1.0476756,-12.468898
8.355991,10.668229,0.8789716,-12.638967
8.680346,10.937288,0.67873996,-12.317417
8.625359,11.076088,0.8982781,-11.791265
8.474638,11.026549,0.70039725,-14.688959
8.782643,11.402529,1.0872327,-15.520084
8.180263,10.789319,0.6979533,-11.826784
8.087582,10.655328,0.8564581,-11.763796
8.310534,10.918003,0.80732596,-12.841906
8.853775,11.4124775,1.0259947,-13.368062
8.532909,10.865285,0.6963904,-14.185822
8.272077,10.941442,0.64614755,-11.732125
8.4808235,10.634169,1.0547715,-11.536536
9.008231,11.375778,1.1270981,-13.066188
9.003933,11.261762,0.9445487,-14.515072
8.498182,11.10856,0.90810627,-13.201433
8.926819,11.172688,0.7010391,-14.901695
8.197918,10.944495,0.7338278,-12.783743
8.703218,11.03807,0.858821,-14.302386
9.326921,11.652091,0.9571626,-14.766363
8.195103,10.767657,0.4319551,-13.700954
8.322098,11.07765,0.7178967,-12.765866
8.152792,10.690636,0.40131763,-16.603653
8.332687,11.091012,0.54900706,-13.113959
7.9090276,10.268541,0.8413675,-12.023314
8.769074,10.947112,1.1368043,-11.455948
8.214519,10.693977,0.5702888,-13.62356
8.494413,11.123465,0.8560779,-12.185043
8.383237,10.635613,0.98176706,-11.523402
8.194698,10.695551,0.8769703,-12.832956
8.747868,10.918603,0.8502869,-12.0148945
8.55797,10.675271,0.772699,-12.202452
8.655934,11.269268,0.8997411,-14.112421
8.423138,10.733896,0.69992197,-12.246378
8.158197,10.479035,1.0060471,-11.589088
8.243978,10.744423,0.60248923,-13.16642
8.139417,10.69897,0.8242897,-12.707383
8.239914,10.765766,0.68537164,-11.999327
8.555315,11.1551285,0.73143613,-15.837052
8.309511,10.838026,0.7250949,-12.858893
8.526634,11.0021515,0.7156296,-14.591326
8.467401,11.14569,0.67675215,-13.742117
7.989647,10.628463,0.42007437,-12.410453
8.698045,11.065319,0.9491646,-12.971975
8.109341,10.514904,0.88712925,-12.366851
8.728858,10.906131,0.71382236,-13.890226
7.979383,10.262827,1.0402725,-14.61965
8.325542,10.836137,0.7337214,-16.150143
8.438075,10.893524,0.84219295,-14.220552
7.699035,10.257167,0.7984462,-12.126673
8.808693,11.237529,0.8214036,-14.3610735
8.300367,10.774264,0.7274564,-12.686275
8.502929,10.922431,0.7780893,-12.794923
7.959093,10.685057,0.7348734,-11.46779
8.6388445,11.097536,0.7825012,-12.946269
8.576904,11.017866,0.6587641,-17.22032
8.674223,11.14004,0.9170921,-13.138161
8.963717,11.291065,0.9744493,-15.56979
8.085529,10.449247,0.2667027,-12.574982
8.543854,10.957587,0.7284963,-12.998803
8.328833,10.861133,0.8730678,-11.886639
8.150983,10.814332,0.5639887,-13.47952
8.987007,11.345209,0.94470793,-13.8864765
9.015447,11.338119,1.1366658,-15.369301
8.6678505,11.280799,0.9260593,-14.004605
8.318344,10.824926,0.7544036,-12.223496
8.584821,11.181186,0.77969444,-14.609541
8.566277,11.031247,0.75907314,-12.896866
8.486548,11.120943,0.6896844,-13.060067
9.151902,11.557544,0.86743945,-13.329903
8.242267,10.798555,0.71187836,-14.717106
9.120897,11.420063,0.8236873,-13.431321
8.391752,10.846513,0.87006044,-11.782299
8.193276,10.74346,0.8709822,-11.797335
8.901361,11.3314905,0.9748277,-14.609544
8.682205,11.01078,0.7837689,-12.93329
8.431123,10.954276,0.8098687,-11.683139
8.327503,11.208793,0.6787527,-12.207483
8.346581,10.881961,0.8311235,-12.332805
8.589604,11.093226,0.63961744,-12.428999
9.540183,11.874707,0.5358666,-12.407119
8.350347,10.848858,0.8241335,-11.715506
8.412927,10.973765,0.7991195,-11.822249
8.792073,11.17923,0.74250215,-12.083045
8.568851,11.119802,0.8058965,-14.689819
8.677486,11.249282,0.9545708,-13.061529
8.749237,11.310018,1.0157751,-13.471848
8.107545,10.684536,0.70229864,-11.926755
9.0379925,11.53112,1.152594,-13.526294
8.503318,11.155349,0.8260821,-11.683809
8.632672,11.051879,0.88606787,-17.128782
8.696397,11.072283,1.0920414,-12.448943
8.370791,10.875546,0.77823114,-12.619906
8.667766,10.802091,0.7333826,-12.946295
7.979722,10.419556,0.8667432,-12.44283
8.740893,11.176231,0.68856704,-11.694046
8.142219,10.256343,0.63828146,-12.149603
9.367379,11.741489,1.0486125,-12.306953
8.374802,11.044146,0.7142069,-14.729236
8.544105,11.083986,0.7718288,-13.007098
8.609501,10.82179,0.91146773,-11.9583235
8.507666,10.645888,1.0327947,-11.584732
8.317192,11.058518,0.66390646,-13.542276
8.7143545,11.248547,0.93648,-13.84643
8.502273,11.096614,0.8201551,-13.746716
8.702979,11.162631,0.897724,-13.258886
8.735951,11.068368,0.98801446,-11.749772
8.430333,10.737507,0.78078735,-13.403624
8.206361,10.849325,0.66328084,-14.410067
8.337376,11.024052,0.6930754,-13.048716
9.233507,11.479138,0.80105233,-13.464228
8.720589,11.126657,0.944723,-12.942618
8.567954,11.076154,0.77338517,-12.588515
8.559386,11.0931,0.8678576,-12.9515
8.50983,10.895758,0.5302117,-14.443863
8.258846,11.023998,0.6816353,-12.307176
8.425458,10.9131975,0.8089886,-12.753754
8.408334,10.945229,0.8349749,-12.386408
8.32681,10.905587,0.809461,-12.826923
8.718313,10.958118,1.038923,-12.436712
8.823188,11.031538,0.96015054,-13.466069
8.838179,11.069578,0.8645699,-13.668319
8.200749,10.597389,0.81994575,-13.293116
8.393753,10.878587,0.72132933,-11.739283
8.495589,10.9780655,0.87410253,-11.591147
8.945775,11.388616,0.8329092,-14.405186
8.3135805,10.717323,0.5162893,-12.448568
8.439847,11.171181,0.8405005,-14.641039
8.5770645,11.10607,0.92719173,-14.25668
8.368782,10.829026,0.81699425,-12.187348
7.9220386,10.513448,0.6897268,-11.7881975
8.499071,10.92786,0.76406306,-11.79976
7.888889,10.436778,0.8597269,-11.729532
8.523541,11.189805,0.8152658,-13.269882
8.303102,10.876494,0.80217344,-13.113548
8.421413,10.950949,0.85840297,-14.1055
8.458601,10.951221,0.86721885,-11.56056
8.711658,11.367175,0.9962632,-16.831718
8.599003,11.077664,0.6365779,-11.627457
8.466075,10.558701,0.7895118,-12.939558
8.674899,11.178837,0.87341094,-11.597814
8.725203,10.868464,0.78422165,-13.50007
8.510789,11.148009,0.74192375,-17.145962
8.609802,11.135792,0.7830497,-12.78479
8.800035,11.1982,0.690475,-12.554008
8.08687,10.541595,0.8912,-11.7747
8.4992485,10.554586,0.58915114,-13.317734
8.405194,10.4612875,0.5188823,-13.183815
8.281933,10.609623,0.7033436,-12.286637
8.715616,10.855972,0.6610473,-12.906965
8.903239,11.300858,0.8887539,-13.182369
8.63041,11.122988,0.80335474,-12.937442
8.768102,11.067371,0.9721641,-12.696366
8.453443,11.143288,0.84307885,-16.425983
8.892364,11.291813,0.8992317,-13.449184
8.247164,10.923095,0.7095658,-14.696056
7.64882,10.117348,0.8378889,-11.52961
7.8812537,10.327951,0.5524975,-11.432692
8.333054,10.328282,0.62753516,-12.258865
8.617575,10.832658,0.749087,-13.588551
7.8925138,10.068376,0.5694142,-11.719338
8.500944,10.807501,0.5928634,-13.182274
8.615052,11.1116495,0.8722147,-13.052616
9.043578,11.647492,0.9679179,-13.124471
8.547371,10.859804,0.9270352,-11.895106
7.90136,10.196745,0.7252509,-11.776861
8.614585,10.936757,0.90172905,-12.078482
8.570483,11.1458845,0.7871189,-12.431349
8.712682,10.968257,1.0215602,-13.239441
7.9256487,10.743492,0.49976116,-11.035034
8.661934,11.148142,0.7778625,-13.694092
7.004918,10.242574,-0.27427137,-12.315945
8.087621,10.158941,0.8259256,-12.803986
8.586065,10.890365,0.8389677,-14.890226
8.938813,11.434246,1.0333071,-12.841449
9.06499,11.2683525,1.0323195,-14.458574
8.210575,10.832792,0.5564998,-16.038755
8.491572,11.137321,0.76792574,-13.8308525
8.890928,11.293121,1.0906334,-17.597958
8.717932,11.011345,0.7628044,-12.786002
8.260688,10.705985,0.76948386,-11.579222
8.5202055,10.615309,0.8035689,-13.189149
8.359326,10.935777,0.81415987,-13.136697
8.681078,10.683058,0.3835224,-13.10806
8.876365,11.171091,0.88676476,-15.520348
8.389272,10.821396,0.636921,-12.275083
8.624928,10.899247,0.9551586,-11.74988
8.607166,11.123513,0.9079642,-12.347739
8.228789,10.665635,0.69704396,-11.75158
8.621262,11.247532,0.8182908,-13.18558
8.338657,10.787813,0.7327024,-12.232619
8.951527,11.383597,0.86621064,-12.861465
8.802371,10.910005,0.71154773,-12.681715
8.553254,11.092973,0.835375,-13.144203
8.925423,11.050412,0.8113571,-13.025507
8.62939,11.028801,0.925336,-15.54096
8.134613,10.420285,0.7206671,-11.879219
8.271541,10.74112,0.41533232,-12.91052
8.453343,11.185954,0.7179195,-13.720921
8.792605,11.072304,0.7406607,-13.409024
8.352128,10.8962345,0.56819654,-12.80965
8.426739,11.061967,0.8766103,-14.042934
8.63393,10.905443,0.6812604,-13.412571
8.444564,10.9559,0.5060134,-16.318573
8.1897955,10.911182,0.5679702,-14.659789
8.552697,11.241291,0.8474189,-14.627249
8.591831,11.096366,0.8699031,-11.573159
8.386872,10.65791,0.7734055,-11.998767
8.432378,10.89658,0.74958694,-12.937946
8.315654,10.962376,0.67454827,-13.102994
8.214615,10.671192,0.73676705,-12.772416
8.59443,11.224933,0.79151773,-12.755709
8.139436,10.819631,0.7207604,-13.480576
8.526021,10.875842,0.7243706,-12.176707
9.054154,11.517636,0.86167645,-12.511846
9.205326,11.517697,0.784757,-14.615979
8.544315,11.094251,0.8858162,-11.971462
8.330619,10.706711,0.74028754,-13.739063
8.262422,10.977632,0.45350814,-14.222483
8.932795,11.2944975,1.0101296,-13.520689
8.474465,10.785258,0.7618084,-17.479843
8.813945,11.256213,0.7347486,-14.417523
9.0776415,11.3004055,0.9870021,-14.577475
8.177706,10.846358,0.64367026,-13.404367
8.486745,10.851216,1.0273303,-11.819911
8.322461,11.125932,0.7120342,-13.120576
8.2020855,10.653172,0.6162412,-14.327331
8.398328,10.87309,0.9237741,-15.02849
8.4681015,10.873088,0.8718152,-12.869541
8.23922,10.726639,0.79174244,-11.593267
8.57006,10.96096,0.8833429,-12.031797
8.562128,11.19496,0.77689177,-13.834816
8.177873,10.661941,0.738579,-11.785948
8.126281,10.433268,0.8027033,-11.748987
8.461979,11.035725,0.7677945,-12.342157
8.209307,10.56405,0.8600966,-11.97778
8.5616455,11.154456,0.9596445,-13.569521
8.513358,11.006663,0.78534144,-12.901854
8.006106,10.459096,0.7442343,-13.128191
8.690217,11.156247,0.74372846,-15.743706
8.254953,10.922234,0.8106875,-15.050006
8.568949,10.9213295,0.804986,-13.172413
8.697802,11.01145,0.7502098,-12.180272
8.892124,11.339091,0.79441136,-12.517608
8.515804,10.959038,0.84824806,-14.874931
8.750535,11.205999,0.797535,-12.078691
8.105228,10.503591,0.8105785,-11.764907
8.294405,10.984921,0.74347913,-17.773096
8.804376,11.368521,0.7681788,-15.277069
8.394641,10.883416,0.8800286,-11.710852
8.8547735,11.23241,0.8188243,-15.176961
8.738727,11.375066,0.88687974,-13.418376
8.544904,10.9997425,0.79940593,-13.241413
8.514504,11.070263,0.63012946,-13.125372
8.670536,11.057609,0.96178305,-14.002907
8.193644,10.617832,0.49214715,-12.835336
8.794448,10.951774,0.8668988,-12.943323
8.550177,10.8519945,0.6042986,-13.002945
8.491487,11.0253725,0.74007225,-12.951961
8.526757,11.070425,0.8460308,-13.385109
9.14999,11.423765,0.859478,-13.260804
8.531368,10.9113035,0.9078625,-13.011772
8.671782,11.213459,0.88777936,-14.702695
8.476075,10.832489,0.7236879,-12.34304
8.730394,10.934665,0.9144401,-12.787618
8.370185,11.087972,0.8881172,-12.722542
8.796727,10.900607,0.91392624,-12.364232
8.495623,10.997561,0.911438,-11.857828
8.51549,11.023054,0.7423475,-12.841084
8.562053,10.897863,0.7376804,-11.701535
8.96554,11.161944,0.9142414,-12.041016
8.769773,11.21583,0.8725803,-12.301298
8.323534,10.642168,0.80006146,-11.945369
8.778024,11.033778,0.76662856,-13.480645
9.222252,11.478995,1.0400574,-12.954099
8.37399,10.448949,0.46355513,-12.230226
8.184326,10.953717,0.733719,-13.739376
8.683742,11.007772,1.0542032,-11.7929
8.726359,11.0957,0.5219483,-13.811758
8.629929,11.112704,0.8565164,-12.701347
8.1609745,10.515612,0.674511,-15.538723
8.352627,11.077253,0.6849782,-13.326469
8.772188,11.022902,0.817467,-14.866846
9.030719,11.123417,0.94661117,-13.076007
8.866921,11.311018,0.7620726,-13.501321
9.362609,11.64892,1.174762,-12.310119
9.004901,11.275618,0.9910899,-12.2787075
8.455803,10.831483,0.97478336,-11.562561
8.301025,10.663399,0.75716853,-12.001521
9.130999,11.384136,1.0647854,-14.658094
8.376731,11.056826,0.77308965,-12.714241
8.687668,11.127054,0.7021585,-12.420596
8.321588,10.730403,0.60714775,-13.499289
8.910188,11.067413,0.7511912,-13.381361
8.983108,11.453346,0.9461507,-13.855155
8.590177,11.270416,0.62458,-12.931259
8.20567,10.697669,0.8242432,-12.673858
8.795827,11.150479,0.8204449,-12.103421
8.127459,10.771706,0.76369846,-13.84968
8.500205,10.780099,0.71884483,-12.083155
8.508837,10.880201,0.78645366,-13.490881
8.407766,10.802303,0.8410098,-13.036377
9.173441,11.396036,1.1997778,-14.759272
8.155603,10.7468195,0.827266,-13.94086
9.077432,11.389935,1.0360931,-13.481391
8.42087,11.036037,0.6577018,-13.287915
8.822888,11.169799,0.9551865,-11.861969
8.52119,10.902972,0.79406714,-12.5789175
8.610418,11.2544365,0.69330066,-14.332105
8.135861,10.301995,0.5193225,-12.673339
8.289408,10.642882,0.8052988,-12.0204315
8.818634,11.483843,0.912705,-13.667858
8.904984,11.376165,0.8616689,-14.77253
8.4313,10.837786,0.6392473,-12.960518
8.161788,10.622492,0.8654911,-11.594213
8.466861,11.099142,0.88001764,-12.225206
8.490057,10.94775,0.87531465,-12.669078
7.9746737,10.450411,0.7088125,-11.661658
8.467029,10.5954,0.6329171,-12.678759
9.162031,11.446946,0.8981406,-13.58086
9.014184,11.18715,0.93789595,-13.715567
8.445733,10.945323,0.77835464,-12.720472
8.29378,10.235134,0.9016944,-11.500136
8.833089,11.38834,0.93973345,-13.448188
8.6962,10.985738,0.963243,-11.980029
8.487,11.124136,0.62314105,-13.598789
8.152207,10.655652,0.7221101,-11.790802
9.183559,11.51116,1.1353439,-12.957578
8.508666,10.929026,0.7900045,-12.682967
8.666887,11.139991,0.86596775,-17.95599
8.17543,10.925809,0.5316138,-14.382933
9.259099,11.396261,0.8504033,-12.4842
8.619409,11.179953,0.6245656,-13.110433
8.256588,10.882214,0.3952691,-12.553703
8.61605,11.001535,0.689199,-14.307445
8.62338,11.127086,0.8745047,-13.41925
8.456146,10.67913,0.7189857,-12.730425
8.744321,11.18864,0.865904,-12.585579
8.107752,10.356687,0.5842104,-12.5259
8.210446,11.034667,0.69665897,-13.221115
9.196495,11.364882,0.9632568,-12.388489
8.552331,11.054191,0.663951,-16.557152
8.748006,11.328912,0.7934414,-12.414837
8.735068,11.201993,0.9988607,-17.130632
8.095736,10.886819,0.5964153,-12.82008
9.007057,11.232301,0.81773293,-13.264655
8.656078,11.099237,0.7759023,-15.048623
8.406919,10.90239,0.7066892,-12.534653
9.200018,11.292184,0.9905778,-12.427171
8.247624,11.023676,0.7038135,-12.704485
8.588354,11.035845,0.9421649,-12.985368
8.869931,11.341394,0.90179706,-12.785033
7.6423874,10.215687,0.71858966,-11.019389
8.735377,11.004869,0.81230223,-13.5430565
8.520588,11.000722,0.7766223,-14.270423
8.269849,10.746964,0.8052738,-11.995888
8.035815,10.7200775,0.58639085,-13.03709
8.704628,10.951314,0.8746084,-14.361875
8.243711,10.91262,0.59899485,-12.970489
8.432245,10.951415,0.66503876,-16.4688
8.506189,10.905863,0.82269084,-15.358845
8.570976,10.941886,0.8744096,-13.868063
8.831409,11.069857,0.9162175,-12.834659
8.379666,11.226487,0.8885769,-14.383539
8.389097,11.058766,1.0395834,-14.667621
8.304117,10.57429,0.61069113,-11.993296
8.425492,10.821877,0.5155634,-12.695586
8.440564,11.310925,0.8470919,-11.32834
8.758128,11.071297,0.90309656,-13.899493
8.358152,11.0173,0.6477912,-12.756487
8.154899,10.512953,0.9544347,-11.560295
8.378672,10.631634,0.7925613,-12.108239
8.472727,10.869531,0.86657643,-11.7439375
8.108469,10.809197,0.3325154,-15.353981
8.590126,10.520205,0.8528004,-13.918217
8.561545,11.178689,0.6417687,-12.744602
8.422588,11.139419,0.8694613,-13.570831
8.455157,11.016103,0.95234287,-12.606616
9.141119,11.450078,1.0737377,-13.705076
8.714476,10.884381,1.0735886,-12.121085
8.408567,11.123157,0.7580426,-13.333603
8.599542,11.199261,0.78728926,-13.4540415
7.971633,10.597629,0.66462743,-11.591348
8.748632,10.979303,0.9163703,-13.1866455
8.701247,11.312853,0.9321724,-14.155351
8.418297,11.065376,0.76273406,-12.573612
8.356313,10.751399,0.7554561,-15.307837
8.964878,11.26647,1.0402292,-14.38118
8.270999,11.032591,0.42926264,-14.608925
8.528458,11.031715,0.85426193,-11.545488
8.062819,10.615035,0.7278913,-11.823227
8.475921,10.81055,0.8621242,-13.135016
8.693676,11.19283,0.59527403,-13.501986
8.544339,11.008255,0.8136079,-15.528988
8.550835,11.058948,0.6829984,-13.252074
8.891089,11.192961,0.9941013,-12.025723
8.481595,10.94278,0.6838185,-12.933809
8.047424,10.4536705,0.7075351,-12.2562
8.384384,10.980848,0.6953368,-13.783001
8.664811,10.5991,0.6298853,-12.759236
8.296649,10.657012,0.7919094,-11.534425
9.179374,11.204329,1.0787965,-11.759168
8.6362295,11.182623,0.8216815,-12.671778
8.485333,10.972364,0.7086374,-11.174724
8.8832855,11.350278,0.8284354,-12.209004
8.784353,11.31275,0.9848711,-15.577537
8.55628,11.212117,0.88237536,-13.125669
8.628757,11.135777,0.77565324,-15.149809
8.236268,10.937587,0.77821726,-12.69983
8.152499,10.6819,0.8571156,-13.944532
8.512094,10.970833,0.5830852,-11.802192
8.785767,11.238332,0.77267104,-12.669885
8.431721,10.948269,0.86323696,-13.320101
8.826849,11.202752,0.8971701,-13.492217
8.811861,11.3803005,0.9207599,-15.982502
8.48604,11.0684185,0.71002954,-13.067491
9.128434,11.277424,1.1311475,-12.389159
8.82998,11.075774,0.84592986,-12.147696
8.656995,11.204386,0.688032,-13.423348
8.251721,10.754406,0.58688474,-13.407711
8.38982,11.11579,0.71678245,-12.79414
8.249322,10.588873,0.9877998,-12.902592
7.726798,10.28695,0.5823289,-11.358598
8.873889,11.248638,0.89573216,-12.0553665
8.566691,10.9523535,0.8899708,-13.719999
8.435619,10.879484,0.7003775,-12.017559
9.101934,11.286677,1.0584645,-13.259489
8.81525,11.264451,0.9352018,-15.742798
8.476096,11.101748,0.8793756,-13.437353
8.455555,11.142466,0.6754577,-15.726402
8.100987,10.639603,0.6932773,-12.832423
8.801081,11.127735,0.8525597,-13.095845
8.6109495,11.078458,0.9889595,-13.828849
7.9552207,10.135293,0.97540927,-11.420844
8.060177,10.380332,0.71385837,-12.102986
8.304509,10.713473,0.7731418,-12.494591
9.0898695,11.185957,0.942815,-12.694075
8.490017,10.75332,0.83729684,-13.729769
8.262253,10.635776,0.86518735,-14.09484
8.488705,11.245636,0.74921,-13.534333
7.363281,10.068285,0.6109071,-12.40785
8.666695,10.991581,0.7152008,-12.10059
8.462432,10.672604,0.74435866,-12.199821
8.72277,11.035716,1.0098187,-14.116213
8.799009,11.271491,0.9735314,-13.319751
8.90652,11.262876,0.9726254,-16.27296
8.436731,10.944882,0.771495,-12.541539
8.893241,11.545849,1.1309226,-11.76961
8.2869,11.045271,0.59500074,-13.456902
8.333616,10.889864,0.7793298,-13.5715475
8.331899,10.78884,0.7716745,-14.954523
8.863991,11.25597,0.78471833,-14.249519
8.644925,11.219112,0.7856309,-13.079652
9.141878,11.459615,1.0634345,-13.936737
8.353357,10.686848,0.83398116,-12.5528755
8.449151,11.015946,0.8344598,-11.626342
8.43459,10.79458,0.72755945,-14.3408985
8.345318,11.073887,0.6339583,-13.559535
8.639125,11.0961075,1.0040463,-11.973655
8.317214,10.81607,0.8169352,-12.429597
8.219636,10.605547,0.7755096,-15.170741
8.159197,10.398404,0.74722695,-11.358423
8.764187,11.180712,0.87070644,-12.762472
8.182212,10.836672,0.764582,-14.30594
8.7329855,10.955493,0.56797457,-12.893904
8.169299,10.999435,0.65067786,-13.047827
8.634087,11.208862,0.6830043,-12.069273
8.809508,11.200517,1.0132042,-15.118957
8.716949,11.09337,0.88417065,-12.701056
8.425671,10.916811,0.5562484,-12.92972
8.370981,10.427129,0.7118596,-12.743166
8.640707,10.986111,0.85409606,-14.966568
8.717661,10.977628,0.8738744,-12.415399
8.798679,11.230118,0.92014164,-14.579333
8.285895,10.969459,0.7731081,-15.880785
8.754053,11.422767,0.8110789,-12.827233
8.236338,10.570513,0.7720334,-15.236355
8.304951,10.757038,0.753804,-12.660976
9.0496645,11.374518,0.9266649,-12.210007
8.693719,11.171673,0.8948449,-11.64918
8.300597,11.017115,0.7278298,-12.404366
8.691884,11.267111,0.7003673,-13.069593
8.222059,10.659063,0.69307595,-12.596765
8.875365,11.404656,0.8193021,-13.922613
8.453258,11.163129,0.59094703,-15.865778
8.711008,11.396223,0.882638,-12.579273
8.786899,11.183132,0.8625131,-12.633111
8.773412,11.247199,0.8655082,-14.851233
8.754232,10.675664,0.82267815,-13.262924
7.401963,10.040987,0.7405708,-12.180885
8.101117,10.324202,0.49055985,-12.607519
8.934217,11.106197,0.8877553,-13.357428
8.512689,10.866292,0.6989791,-12.263675
8.384607,10.923325,0.66841924,-13.375533
8.241248,10.6045265,0.72463536,-12.819019
8.314509,10.618021,0.78003633,-12.123936
8.795553,11.2027445,0.8996427,-13.2057085
8.662109,10.86789,0.63816947,-12.317283
8.770365,11.004519,0.7833233,-12.908149
9.182195,11.269205,1.1489494,-13.199624
7.8783445,10.360305,0.73370695,-11.192602
8.577129,11.087135,0.7221446,-11.354001
8.3628845,10.964332,0.73207736,-13.031348
8.788012,10.6364155,0.87825316,-12.091921
9.072267,11.382205,0.9594856,-11.141174
9.5087385,11.742161,1.2135018,-12.851806
8.920506,11.18921,0.9501554,-12.897026
8.457199,10.567747,0.73906463,-13.6824875
8.269162,10.990922,0.68684304,-12.860146
8.302061,10.403039,0.6541668,-12.552847
8.667879,11.052093,0.53373826,-14.5940075
8.32944,10.862311,0.7427845,-12.603434
8.484021,10.989814,0.8013706,-15.97167
8.506021,11.202634,0.8381494,-15.894684
8.499128,11.152504,0.62956804,-13.308456
8.591061,10.603885,0.49553806,-13.04272
8.320475,10.9057665,0.76621556,-13.416983
8.014541,10.326155,0.77486914,-12.685043
8.482337,10.556003,0.9764879,-12.998996
8.299828,10.930803,0.6188713,-12.449591
7.9860673,10.341354,0.7691315,-11.68614
8.097541,10.566723,0.4704213,-11.783943
7.93522,10.375467,0.7541249,-12.210059
8.669802,11.211709,0.67152506,-12.969941
9.037693,11.3126745,1.0435863,-12.772051
8.713553,11.328854,0.9369377,-14.147258
8.33891,11.000794,0.8969251,-12.367955
8.616331,11.249398,0.5907103,-12.841181
8.192883,10.535664,0.86813295,-11.730997
8.242059,10.796848,0.8374423,-13.957036
8.012703,10.204542,0.9251179,-11.499306
8.509221,10.672176,0.81391954,-12.397267
7.959079,10.449118,0.71944517,-13.258379
8.340395,10.782825,0.6698154,-13.694831
8.247937,10.524621,0.4105009,-12.676992
8.902032,11.470409,0.8478555,-12.968173
8.67164,11.17236,0.78257835,-12.95953
8.503896,11.000466,0.53503877,-13.084354
8.937039,10.9959135,0.9406835,-12.987355
9.002703,11.453513,1.085403,-19.237944
9.121393,11.439059,1.069021,-12.814981
8.858702,11.268092,0.8188242,-13.225819
8.1931925,10.370808,0.44281128,-12.533008
8.24053,10.666794,0.7064874,-17.34944
8.620392,10.99369,0.90296954,-13.485581
8.447999,10.801092,0.7221012,-16.072418
8.379871,10.993507,0.75832295,-12.7436695
9.164556,11.331208,1.0594046,-12.967414
9.171772,11.246776,1.0070691,-12.481018
8.597691,10.945831,0.5302116,-11.71546
9.008457,11.326865,0.9343498,-13.288803
8.746326,11.117958,0.9376141,-12.880193
8.688874,11.154595,0.63861877,-12.748526
8.235859,10.6038265,0.7849666,-14.8498745
7.856391,10.09984,0.6906122,-11.166128
8.710058,11.233487,0.9745748,-12.862793
8.797462,11.056537,0.89258075,-12.569689
8.657781,11.025054,0.99964887,-12.542123
8.26427,10.88536,0.6075633,-11.756668
8.30877,10.84978,0.820551,-11.668678
8.554526,10.224828,0.9034982,-11.994533
7.8211093,10.139281,0.7860466,-12.071253
8.502136,10.7922125,0.7386625,-12.337251
8.793156,10.802075,1.0285089,-11.791629
8.621456,10.841241,0.94694775,-12.562576
8.602493,11.141925,0.9298451,-13.120699
8.290497,10.935799,0.52132744,-12.525573
8.929424,11.040458,0.87810737,-12.410217
8.553035,10.90631,0.75218225,-13.214701
8.280482,10.771721,0.7834402,-13.863873
8.730613,11.146533,0.84688175,-12.125472
8.248368,10.755498,0.5114634,-12.98995
8.523793,10.917504,0.7496707,-12.077304
8.862566,11.107613,0.92248124,-11.560719
8.585681,11.227029,0.802441,-14.08796
8.596677,10.900195,0.8487307,-11.656711
7.9962945,10.351763,0.4341852,-11.772353
8.996134,11.264085,0.7391146,-11.958248
8.088797,10.865831,0.6845623,-13.0651245
8.242738,11.013449,0.5700234,-13.866503
8.779607,11.26853,0.92606795,-11.723017
9.537051,11.740015,1.4205669,-13.455656
8.254706,10.390562,0.80850327,-13.577421
8.012381,10.464268,0.86486185,-13.065813
8.60978,11.169653,0.8160393,-11.662413
8.420201,11.044016,0.8237103,-11.712639
8.537993,10.513376,0.95211476,-12.854356
8.504584,10.813156,0.7621613,-11.872968
8.812649,11.27933,0.7431397,-13.143334
8.937436,11.3428755,0.9059423,-13.297491
8.231529,10.843802,0.44762546,-14.059849
9.111052,11.418772,0.45114917,-15.180649
9.110372,11.287472,0.8363809,-13.316662
8.057528,10.83477,0.1084266,-13.216594
8.554146,10.733249,0.86169684,-12.517604
8.597191,11.057725,0.6119264,-12.681795
10.116824,11.987253,1.3959793,-12.60499
8.212311,10.8798685,0.6999497,-12.97368
8.572221,10.974144,0.97745603,-12.8475065
9.080262,11.228706,1.032769,-21.144606
9.160119,11.374519,1.1264446,-11.946904
9.315838,11.50665,0.8869187,-12.50734
9.046302,10.972857,0.96690786,-11.675751
6.7428794,10.213221,0.17181985,-11.891426
8.208314,10.310153,0.84756655,-12.740074
8.121508,10.4844055,0.90834916,-11.591682
8.297239,10.6140175,0.87537014,-12.206757
8.526889,10.937273,0.97572,-12.15023
8.651636,10.719527,0.9077185,-12.043726
7.8652406,10.083322,0.88921404,-11.765675
8.338079,10.422754,0.88654727,-12.72962
7.588434,10.522234,0.10513714,-12.385494
7.3386264,10.242441,-0.18104826,-13.52578
8.663251,10.853424,0.9303798,-12.96517
8.120823,10.87364,0.5011674,-14.7932
8.45227,10.7996435,0.5722769,-13.2124815
8.550478,10.854957,0.8180001,-12.197936
8.558588,10.98585,0.82234585,-14.082024
8.24868,10.587166,0.65074503,-13.132656
8.657815,11.0561,0.6886484,-13.409587
8.348542,10.5907955,0.51635313,-15.899388
8.278974,10.788571,0.8016948,-13.926752
8.509881,10.7716055,0.9252399,-12.223138
8.370273,10.824828,0.6332625,-13.129476
9.135654,11.457217,1.0080433,-14.029907
8.146429,10.684614,0.7743595,-13.968449
8.79669,11.041795,0.7731122,-15.282697
8.272546,10.9071045,0.7544699,-12.795382
8.772316,11.2731,0.900414,-13.880934
8.425883,10.749608,0.6300948,-12.8492775
8.581696,11.220314,0.7813664,-12.405638
8.56522,10.9189005,0.7324971,-13.277336
8.616013,10.811219,0.7916117,-12.548608
8.438336,10.832157,0.8172107,-13.371483
8.074302,10.468285,0.73085934,-11.5296135
